Monthly Net Income,1,2,3,4,5,6
500,50,50,50,50,50,50
550,50,50,50,50,50,50
600,50,50,50,50,50,50
650,50,50,50,50,50,50
700,50,50,50,50,50,50
750,50,50,50,50,50,50
800,50,50,50,50,50,50
850,50,50,50,50,50,50
900,50,50,50,50,50,50
950,50,50,50,50,50,50
1000,50,50,50,50,50,50
1050,50,50,50,50,50,50
1100,50,50,50,50,50,50
1150,50,50,50,50,50,50
1200,50,50,50,50,50,50
1250,50,50,50,50,50,50
1300,50,50,50,50,50,50
1350,169,237,270,287,294,304
1400,194,272,310,330,338,349
1450,219,307,350,372,381,394
1500,244,342,390,415,425,439
1550,269,377,430,457,468,484
1600,294,412,470,500,512,529
1650,319,447,510,542,555,574
1700,329,482,550,585,599,619
1750,338,505,590,627,642,664
1800,348,519,630,670,686,709
1850,358,533,660,712,729,754
1900,367,547,678,755,773,799
1950,377,561,695,776,816,844
2000,387,575,712,796,860,889
2050,396,589,730,815,897,934
2100,406,603,747,835,918,979
2150,416,617,764,854,939,1021
2200,425,631,782,873,961,1044
2250,435,645,799,893,982,1067
2300,445,659,817,912,1003,1091
2350,454,673,834,932,1025,1114
2400,464,687,851,951,1046,1137
2450,474,701,869,970,1067,1160
2500,483,715,886,990,1089,1184
2550,493,729,904,1009,1110,1207
2600,503,743,921,1029,1132,1230
2650,512,757,938,1048,1153,1253
2700,522,771,956,1067,1174,1276
2750,532,785,973,1087,1196,1300
2800,541,799,990,1106,1217,1323
2850,551,813,1008,1126,1238,1346
2900,560,827,1025,1145,1260,1369
2950,570,841,1043,1165,1281,1392
3000,580,855,1060,1184,1302,1416
3050,589,869,1077,1203,1324,1439
3100,599,883,1095,1223,1345,1462
3150,609,897,1112,1242,1366,1485
3200,618,911,1129,1262,1388,1508
3250,628,925,1147,1281,1409,1532
3300,637,937,1162,1298,1428,1552
3350,645,949,1177,1314,1446,1572
3400,654,960,1192,1331,1464,1592
3450,663,972,1207,1348,1482,1611
3500,671,984,1221,1364,1501,1631
3550,680,996,1236,1381,1519,1651
3600,689,1008,1251,1398,1537,1671
3650,697,1020,1266,1414,1556,1691
3700,706,1032,1281,1431,1574,1711
3750,715,1044,1296,1447,1592,1731
3800,723,1056,1311,1464,1610,1751
3850,732,1068,1326,1481,1629,1770
3900,741,1080,1340,1497,1647,1790
3950,749,1092,1355,1514,1665,1810
4000,755,1098,1363,1522,1675,1820
4050,760,1104,1370,1531,1684,1830
4100,765,1110,1378,1539,1693,1840
4150,770,1116,1385,1547,1702,1850
4200,775,1122,1393,1556,1711,1860
4250,781,1128,1400,1564,1720,1870
4300,786,1134,1407,1572,1729,1880
4350,791,1140,1415,1580,1738,1890
4400,796,1147,1422,1589,1747,1900
4450,801,1153,1430,1597,1757,1909
4500,805,1159,1437,1605,1766,1919
4550,809,1165,1444,1613,1775,1929
4600,814,1171,1452,1622,1784,1939
4650,818,1177,1459,1630,1793,1949
4700,823,1183,1466,1638,1802,1959
4750,827,1189,1474,1646,1811,1968
4800,831,1196,1481,1655,1820,1978
4850,836,1202,1489,1663,1829,1988
4900,840,1208,1496,1671,1838,1998
4950,844,1214,1503,1679,1847,2008
5000,849,1220,1511,1687,1856,2018
5050,853,1226,1518,1696,1865,2028
5100,858,1232,1525,1704,1874,2037
5150,863,1240,1535,1715,1886,2050
5200,869,1249,1546,1727,1899,2065
5250,874,1258,1557,1739,1913,2079
5300,880,1267,1567,1751,1926,2093
5350,886,1276,1578,1763,1939,2108
5400,892,1284,1589,1775,1952,2122
5450,898,1293,1599,1786,1965,2136
5500,903,1302,1610,1798,1978,2150
5550,909,1311,1621,1810,1991,2165
5600,915,1319,1631,1822,2005,2179
5650,921,1328,1642,1834,2018,2193
5700,927,1337,1653,1846,2031,2207
5750,932,1346,1663,1858,2044,2222
5800,938,1354,1674,1870,2057,2236
5850,942,1359,1680,1876,2064,2243
5900,945,1362,1684,1881,2069,2249
5950,949,1366,1688,1886,2074,2255
6000,952,1369,1692,1890,2079,2260
6050,956,1372,1696,1895,2084,2266
6100,959,1376,1701,1899,2089,2271
6150,963,1379,1705,1904,2095,2277
6200,966,1383,1709,1909,2100,2282
6250,969,1386,1713,1913,2105,2288
6300,972,1389,1716,1917,2109,2292
6350,973,1391,1719,1920,2112,2295
6400,975,1393,1721,1922,2115,2298
6450,976,1396,1723,1925,2117,2302
6500,978,1398,1726,1928,2120,2305
6550,979,1400,1728,1930,2123,2308
6600,981,1402,1730,1933,2126,2311
6650,982,1405,1733,1935,2129,2314
6700,984,1407,1735,1938,2132,2317
6750,986,1410,1738,1942,2136,2322
6800,991,1416,1746,1950,2145,2332
6850,996,1421,1753,1959,2154,2342
6900,1000,1427,1761,1967,2164,2352
6950,1005,1433,1769,1976,2173,2362
7000,1010,1438,1776,1984,2182,2372
7050,1014,1444,1784,1992,2192,2382
7100,1019,1450,1791,2001,2201,2392
7150,1024,1455,1799,2009,2210,2402
7200,1029,1461,1806,2018,2219,2413
7250,1033,1467,1814,2026,2229,2423
7300,1038,1472,1821,2035,2238,2433
7350,1043,1478,1829,2043,2247,2443
7400,1048,1484,1837,2051,2257,2453
7450,1053,1491,1846,2062,2268,2465
7500,1060,1502,1859,2077,2285,2483
7550,1067,1514,1873,2092,2301,2502
7600,1074,1525,1887,2108,2318,2520
7650,1081,1537,1901,2123,2335,2538
7700,1088,1549,1914,2138,2352,2557
7750,1094,1560,1928,2154,2369,2575
7800,1101,1572,1942,2169,2386,2593
7850,1108,1583,1955,2184,2403,2612
7900,1115,1595,1969,2200,2419,2630
7950,1122,1607,1983,2215,2436,2648
8000,1129,1618,1997,2230,2453,2667
8050,1136,1630,2010,2246,2470,2685
8100,1143,1641,2024,2261,2487,2703
8150,1149,1651,2036,2274,2502,2719
8200,1154,1656,2044,2283,2511,2730
8250,1158,1662,2052,2292,2521,2740
8300,1163,1667,2059,2300,2530,2750
8350,1167,1672,2067,2309,2540,2761
8400,1172,1678,2075,2318,2549,2771
8450,1176,1683,2083,2326,2559,2782
8500,1180,1688,2091,2335,2569,2792
8550,1185,1694,2098,2344,2578,2803
8600,1189,1699,2106,2353,2588,2813
8650,1192,1702,2107,2353,2589,2814
8700,1195,1705,2108,2354,2590,2815
8750,1197,1709,2108,2355,2591,2816
8800,1200,1712,2109,2356,2592,2817
8850,1203,1715,2110,2357,2593,2818
8900,1205,1718,2111,2358,2593,2819
8950,1208,1721,2112,2359,2594,2820
9000,1210,1724,2112,2359,2595,2821
9050,1213,1728,2113,2360,2596,2822
9100,1217,1734,2120,2368,2605,2832
9150,1222,1743,2130,2380,2618,2845
9200,1227,1751,2141,2391,2630,2859
9250,1232,1759,2151,2402,2643,2872
9300,1237,1767,2161,2414,2655,2886
9350,1243,1776,2171,2425,2667,2899
9400,1248,1784,2181,2436,2680,2913
9450,1253,1792,2191,2447,2692,2926
9500,1258,1801,2201,2459,2705,2940
9550,1263,1809,2211,2470,2717,2953
9600,1268,1817,2221,2481,2729,2967
9650,1273,1825,2231,2492,2742,2980
9700,1278,1834,2241,2504,2754,2994
9750,1283,1842,2252,2515,2766,3007
9800,1287,1849,2260,2525,2777,3019
9850,1291,1855,2269,2535,2788,3031
9900,1295,1862,2278,2544,2799,3042
9950,1299,1868,2286,2554,2809,3054
10000,1303,1875,2295,2563,2820,3065
10050,1307,1881,2303,2573,2830,3076
10100,1311,1888,2312,2583,2841,3088
10150,1315,1894,2321,2592,2851,3099
10200,1319,1901,2329,2602,2862,3111
10250,1323,1907,2338,2611,2872,3122
10300,1327,1913,2346,2621,2883,3134
10350,1331,1920,2355,2630,2894,3145
10400,1335,1926,2364,2640,2904,3157
10450,1339,1933,2372,2650,2915,3168
10500,1343,1939,2381,2659,2925,3180
10550,1347,1946,2389,2669,2936,3191
10600,1351,1952,2398,2678,2946,3203
10650,1355,1959,2406,2688,2957,3214
10700,1359,1965,2415,2697,2967,3225
10750,1364,1972,2422,2705,2976,3235
10800,1369,1979,2429,2713,2985,3244
10850,1374,1985,2436,2721,2993,3254
10900,1379,1992,2443,2729,3002,3263
10950,1384,1999,2450,2737,3011,3273
11000,1389,2006,2457,2745,3019,3282
11050,1394,2012,2464,2753,3028,3291
11100,1398,2019,2471,2761,3037,3301
11150,1403,2026,2479,2769,3045,3310
11200,1408,2033,2486,2776,3054,3320
11250,1413,2039,2493,2784,3063,3329
11300,1418,2046,2500,2792,3072,3339
11350,1423,2053,2507,2800,3080,3348
11400,1428,2060,2514,2808,3089,3358
11450,1433,2066,2521,2816,3098,3367
11500,1438,2073,2528,2824,3106,3377
11550,1443,2080,2535,2832,3115,3386
11600,1448,2087,2542,2840,3124,3396
11650,1453,2093,2549,2848,3132,3405
11700,1458,2100,2556,2856,3141,3414
11750,1463,2107,2564,2863,3150,3424
11800,1468,2114,2571,2871,3159,3433
11850,1473,2120,2578,2879,3167,3443
11900,1478,2127,2585,2887,3176,3452
11950,1483,2134,2592,2895,3185,3462
12000,1488,2141,2599,2903,3193,3471
12050,1493,2147,2606,2911,3202,3481
12100,1498,2154,2613,2919,3211,3490
12150,1503,2161,2620,2927,3219,3500
12200,1508,2167,2627,2935,3228,3509
12250,1513,2174,2634,2943,3237,3518
12300,1518,2181,2641,2951,3246,3528
12350,1523,2188,2649,2958,3254,3537
12400,1528,2194,2656,2966,3263,3547
12450,1533,2201,2663,2974,3272,3556
12500,1538,2208,2670,2982,3280,3566
12550,1542,2215,2677,2990,3289,3575
12600,1547,2221,2684,2998,3298,3585
12650,1552,2228,2691,3006,3306,3594
12700,1557,2235,2698,3014,3315,3604
12750,1562,2242,2705,3022,3324,3613
12800,1567,2248,2712,3030,3333,3623
12850,1572,2255,2719,3038,3341,3632
12900,1577,2262,2726,3045,3350,3641
12950,1582,2269,2734,3053,3359,3651
13000,1587,2275,2741,3061,3367,3660
13050,1592,2282,2748,3069,3376,3670
13100,1597,2289,2755,3077,3385,3679
13150,1602,2296,2762,3085,3394,3689
13200,1607,2302,2769,3093,3402,3698
13250,1612,2309,2776,3101,3411,3708
13300,1617,2316,2783,3109,3420,3717
13350,1622,2323,2790,3117,3428,3727
13400,1627,2329,2797,3125,3437,3736
13450,1632,2336,2804,3132,3446,3745
13500,1637,2343,2811,3140,3454,3755
13550,1642,2350,2819,3148,3463,3764
13600,1647,2356,2826,3156,3472,3774
13650,1652,2363,2833,3164,3481,3783
13700,1657,2370,2840,3172,3489,3793
13750,1662,2377,2847,3180,3498,3802
13800,1667,2383,2854,3188,3507,3812
13850,1672,2390,2861,3196,3515,3821
13900,1677,2397,2868,3204,3524,3831
13950,1682,2404,2875,3212,3533,3840
14000,1686,2410,2882,3219,3541,3850
14050,1691,2417,2889,3227,3550,3859
14100,1696,2424,2896,3235,3559,3868
14150,1701,2431,2904,3243,3568,3878
14200,1706,2437,2911,3251,3576,3887
14250,1711,2444,2918,3259,3585,3897
14300,1716,2451,2925,3267,3594,3906
14350,1721,2458,2932,3275,3602,3916
14400,1726,2464,2939,3283,3611,3925
14450,1731,2471,2946,3291,3620,3935
14500,1736,2478,2953,3299,3628,3944
14550,1741,2485,2960,3307,3637,3954
14600,1746,2491,2967,3314,3646,3963
14650,1751,2498,2974,3322,3655,3973
14700,1756,2505,2981,3330,3663,3982
14750,1761,2511,2988,3338,3672,3991
14800,1766,2518,2996,3346,3681,4001
14850,1771,2525,3003,3354,3689,4010
14900,1776,2532,3010,3362,3698,4020
14950,1781,2538,3017,3370,3707,4029
15000,1786,2545,3024,3378,3715,4039
15050,1791,2552,3031,3386,3724,4048
15100,1796,2559,3038,3394,3733,4058
15150,1801,2565,3045,3401,3742,4067
15200,1806,2572,3052,3409,3750,4077
15250,1811,2579,3059,3417,3759,4086
15300,1816,2586,3066,3425,3768,4095
15350,1821,2592,3073,3433,3776,4105
15400,1826,2599,3081,3441,3785,4114
15450,1831,2606,3088,3449,3794,4124
15500,1835,2613,3095,3457,3802,4133
15550,1840,2619,3102,3465,3811,4143
15600,1845,2626,3109,3473,3820,4152
15650,1850,2633,3116,3481,3829,4162
15700,1855,2640,3123,3488,3837,4171
15750,1860,2646,3130,3496,3846,4181
15800,1865,2653,3137,3504,3855,4190
15850,1870,2660,3144,3512,3863,4200
15900,1875,2667,3151,3520,3872,4209
15950,1880,2673,3158,3528,3881,4218
16000,1885,2680,3166,3536,3890,4228
16050,1890,2687,3173,3544,3898,4237
16100,1895,2694,3180,3552,3907,4247
16150,1900,2700,3187,3560,3916,4256
16200,1905,2707,3194,3568,3924,4266
16250,1910,2714,3201,3575,3933,4275
16300,1915,2721,3208,3583,3942,4285
16350,1920,2727,3215,3591,3950,4294
16400,1925,2734,3222,3599,3959,4304
16450,1930,2741,3229,3607,3968,4313
16500,1935,2748,3236,3615,3977,4322
16550,1940,2754,3243,3623,3985,4332
16600,1945,2761,3251,3631,3994,4341
16650,1950,2768,3258,3639,4003,4351
16700,1955,2775,3265,3647,4011,4360
16750,1960,2781,3272,3655,4020,4370
16800,1965,2788,3279,3662,4029,4379
16850,1970,2795,3286,3670,4037,4389
16900,1975,2802,3293,3678,4046,4398
16950,1979,2808,3300,3686,4055,4408
17000,1984,2815,3307,3694,4064,4417
17050,1989,2822,3314,3702,4072,4427
17100,1994,2828,3321,3710,4081,4436
17150,1999,2835,3328,3718,4090,4445
17200,2004,2842,3336,3726,4098,4455
17250,2009,2849,3343,3734,4107,4464
17300,2014,2855,3350,3742,4116,4474
17350,2019,2862,3357,3750,4124,4483
17400,2024,2869,3364,3757,4133,4493
17450,2029,2876,3371,3765,4142,4502
17500,2034,2882,3378,3773,4151,4512
17550,2039,2889,3385,3781,4159,4521
17600,2044,2896,3392,3789,4168,4531
17650,2049,2903,3399,3797,4177,4540
17700,2054,2909,3406,3805,4185,4550
17750,2059,2916,3413,3813,4194,4559
17800,2064,2923,3421,3821,4203,4568
17850,2069,2930,3428,3829,4211,4578
17900,2074,2936,3435,3837,4220,4587
17950,2079,2943,3442,3844,4229,4597
18000,2084,2950,3449,3852,4238,4606
18050,2089,2957,3456,3860,4246,4616
18100,2094,2963,3463,3868,4255,4625
18150,2099,2970,3470,3876,4264,4635
18200,2104,2977,3477,3884,4272,4644
18250,2109,2984,3484,3892,4281,4654
18300,2114,2990,3491,3900,4290,4663
18350,2119,2997,3498,3908,4299,4672
18400,2123,3004,3506,3916,4307,4682
18450,2128,3011,3513,3924,4316,4691
18500,2133,3017,3520,3931,4325,4701
18550,2138,3024,3527,3939,4333,4710
18600,2143,3031,3534,3947,4342,4720
18650,2148,3038,3541,3955,4351,4729
18700,2153,3044,3548,3963,4359,4739
18750,2158,3051,3555,3971,4368,4748
18800,2163,3058,3562,3979,4377,4758
18850,2168,3065,3569,3987,4386,4767
18900,2173,3071,3576,3995,4394,4777
18950,2178,3078,3583,4003,4403,4786
19000,2183,3085,3590,4011,4412,4795
19050,2188,3092,3598,4018,4420,4805
19100,2193,3098,3605,4026,4429,4814
19150,2198,3105,3612,4034,4438,4824
19200,2203,3112,3619,4042,4446,4833
19250,2208,3119,3626,4050,4455,4843
19300,2213,3125,3633,4058,4464,4852
19350,2218,3132,3640,4066,4473,4862
19400,2223,3139,3647,4074,4481,4871
19450,2228,3146,3654,4082,4490,4881
19500,2233,3152,3661,4090,4499,4890
19550,2238,3159,3668,4098,4507,4899
19600,2243,3166,3675,4106,4516,4909
19650,2248,3172,3683,4113,4525,4918
19700,2253,3179,3690,4121,4533,4928
19750,2258,3186,3697,4129,4542,4937
19800,2263,3193,3704,4137,4551,4947
19850,2267,3199,3711,4145,4560,4956
19900,2272,3206,3718,4153,4568,4966
19950,2277,3213,3725,4161,4577,4975
20000,2282,3220,3732,4169,4586,4985